{"cameraMode":{"drawMode":0,"name":"Shaded","section":"Shading Mode"},"sceneLighting":false,"audioPlay":false,"sceneViewState":{"m_AlwaysRefresh":false,"showFog":true,"showSkybox":false,"showFlares":true,"showImageEffects":true,"showParticleSystems":true,"showVisualEffectGraphs":true,"m_FxEnabled":false},"in2DMode":false,"pivot":{"x":13.59000015258789,"y":2.8970000743865969,"z":11.039999961853028},"rotation":{"x":-0.5536820888519287,"y":0.007990958169102669,"z":-0.005314042791724205,"w":-0.8326746821403503},"size":2.598076343536377,"orthographic":false}